GEO.id2,total_households,total_households_no_internet
42001030101,979,116
42001030102,2135,184
42001030200,1927,518
42001030300,1512,383
42001030400,2298,368
42001030500,1454,346
42001030600,1726,402
42001030700,2635,426
42001030800,2876,548
42001030900,2909,788
42001031000,661,114
42001031101,2318,635
42001031102,1306,143
42001031201,1534,208
42001031202,1008,183
42001031203,1199,162
42001031300,1843,375
42001031401,1641,244
42001031402,840,173
42001031501,527,138
42001031502,1758,532
42001031600,2703,238
42001031700,1029,257
42003010300,291,46
42003020100,2370,227
42003020300,641,35
42003030500,1096,463
42003040200,629,179
42003040400,1197,105
42003040500,1132,49
42003040600,892,129
42003040900,1288,185
42003050100,996,457
42003050600,906,299
42003050900,790,323
42003051000,724,190
42003051100,82,44
42003060300,1246,179
42003060500,716,167
42003070300,1139,53
42003070500,1789,83
42003070600,1263,64
42003070800,1068,91
42003070900,2470,210
42003080200,871,222
42003080400,805,103
42003080600,1082,112
42003080700,1138,105
42003080900,989,122
42003090100,1041,241
42003090200,1326,262
42003090300,882,215
42003100500,910,213
42003101100,1303,169
42003101400,1503,303
42003101600,398,74
42003101700,639,156
42003101800,1185,121
42003110200,1996,344
42003110600,1098,139
42003111300,1350,235
42003111400,596,168
42003111500,1788,436
42003120300,733,181
42003120400,363,186
42003120700,407,196
42003120800,235,116
42003130100,777,327
42003130200,491,122
42003130300,619,269
42003130400,430,214
42003130600,1419,479
42003140100,899,43
42003140200,1041,25
42003140300,1489,80
42003140400,979,36
42003140500,1044,142
42003140600,1466,78
42003140800,1954,150
42003141000,454,52
42003141100,602,116
42003141300,2508,307
42003141400,2517,362
42003151600,1141,254
42003151700,2442,355
42003160800,1318,198
42003160900,1692,271
42003170200,1951,364
42003170600,869,124
42003180300,951,354
42003180700,987,190
42003190300,1009,148
42003191100,1238,211
42003191400,1403,205
42003191500,969,181
42003191600,1901,333
42003191700,1524,215
42003191800,2242,264
42003191900,940,185
42003192000,1580,319
42003202200,1156,173
42003202300,1909,279
42003210700,1129,248
42003220600,971,231
42003240600,1151,192
42003241200,394,127
42003250300,570,54
42003250700,303,124
42003250900,603,205
42003260200,914,198
42003260700,738,117
42003260900,560,236
42003261200,505,88
42003261400,984,304
42003261500,745,292
42003262000,1208,362
42003270100,993,116
42003270300,859,293
42003270400,449,49
42003270800,1112,253
42003271500,1007,265
42003281400,1082,252
42003281500,674,120
42003290100,907,123
42003290200,1778,372
42003290400,1863,421
42003300100,1382,313
42003310200,1479,409
42003310300,397,78
42003320400,814,156
42003320600,1015,192
42003320700,702,134
42003401100,2030,474
42003401200,1293,399
42003401300,1102,105
42003402000,1440,305
42003403500,2026,644
42003404000,646,156
42003405000,473,132
42003406000,1027,208
42003407001,2366,265
42003407002,2765,359
42003408001,2084,294
42003408002,2279,147
42003409000,4449,86
42003410000,471,12
42003411000,2900,137
42003412001,3352,122
42003412002,1871,83
42003413100,2683,189
42003413201,1604,117
42003413202,1206,123
42003413300,1934,217
42003413400,1643,181
42003413500,2890,501
42003414101,1969,159
42003414102,3037,321
42003414200,2228,128
42003415001,1622,142
42003415002,1000,110
42003416000,832,201
42003417100,910,137
42003417200,653,198
42003418000,826,183
42003419000,1421,328
42003420000,835,187
42003421100,1933,183
42003421200,1718,149
42003422000,1869,99
42003423000,1269,153
42003424000,1561,370
42003425000,1484,349
42003426300,2469,268
42003426400,2018,327
42003426700,1162,187
42003426800,2248,240
42003427000,1940,496
42003427100,2208,330
42003427200,2205,432
42003428100,508,169
42003428200,947,179
42003429100,1142,215
42003429201,1801,91
42003429202,1863,150
42003429300,2350,498
42003429400,1863,194
42003429500,2278,474
42003429600,1540,167
42003429700,1064,169
42003430100,958,162
42003430200,2118,409
42003431100,1712,340
42003431400,988,186
42003431500,1728,364
42003432300,1188,438
42003432400,1327,307
42003434000,760,57
42003435000,1203,140
42003437000,2222,45
42003439000,538,39
42003445500,1742,298
42003446000,712,32
42003447000,599,42
42003448000,561,129
42003449000,1008,185
42003450700,1618,369
42003450800,1190,352
42003451101,1523,51
42003451102,2004,296
42003451104,1282,83
42003451105,2189,380
42003451300,2731,208
42003452000,2224,260
42003453003,755,127
42003453004,3195,278
42003455000,651,95
42003456001,1284,114
42003456003,2629,252
42003456004,2128,445
42003457100,760,200
42003457200,1768,427
42003458000,3762,584
42003459101,683,100
42003459102,2494,75
42003459201,2847,409
42003459202,490,68
42003460001,2041,388
42003460002,1425,254
42003461000,612,115
42003462100,1106,373
42003462600,1433,383
42003463900,1240,267
42003464300,1606,312
42003464400,1584,612
42003465600,1237,273
42003465800,1563,254
42003468700,769,145
42003468800,1223,201
42003468900,1887,386
42003469000,2091,267
42003470300,1758,295
42003470400,1340,194
42003470501,1974,132
42003470502,1300,112
42003470600,1442,405
42003471000,628,162
42003472100,1248,132
42003472200,1050,100
42003472300,966,120
42003472400,753,56
42003473100,2165,470
42003473200,1551,249
42003473300,2189,363
42003473401,1546,192
42003473402,1517,155
42003473500,1287,48
42003473601,1607,256
42003473602,2047,265
42003474101,1345,116
42003474102,1361,149
42003474201,899,40
42003474202,1869,91
42003474203,1669,32
42003475101,2235,545
42003475102,642,61
42003475200,1915,189
42003475301,2066,428
42003475303,1570,119
42003475304,2228,163
42003475401,1587,243
42003475402,1246,132
42003476100,2443,338
42003476200,1451,213
42003477100,1531,148
42003477200,1771,351
42003477300,2538,452
42003478100,1892,249
42003478200,2084,276
42003479000,859,116
42003480101,2172,403
42003480102,1273,279
42003480200,1316,188
42003480300,1382,194
42003480400,2074,360
42003481000,1250,380
42003482500,818,160
42003483800,1395,520
42003484300,1387,324
42003484500,2664,492
42003484600,1046,312
42003485000,526,116
42003486700,1019,352
42003486800,721,249
42003486900,540,164
42003487000,912,208
42003488100,922,248
42003488200,1284,395
42003488300,934,203
42003488400,2122,388
42003488500,1265,177
42003488600,2185,403
42003489001,2068,433
42003489002,1532,186
42003490002,2130,251
42003490003,1479,112
42003490004,1915,108
42003491101,2567,215
42003491200,881,98
42003492700,857,222
42003492800,1220,570
42003492900,914,158
42003494000,636,175
42003495000,1499,386
42003496101,1222,211
42003496102,1854,318
42003496200,2429,407
42003497000,467,82
42003498000,1139,199
42003499300,731,166
42003499400,1298,367
42003500300,1856,613
42003501000,812,262
42003503002,2777,615
42003504100,2340,553
42003507000,975,251
42003508000,937,251
42003509400,2442,573
42003510000,797,327
42003512000,1116,362
42003512800,611,195
42003512900,510,172
42003513800,696,288
42003514000,943,248
42003515100,1349,279
42003515200,1162,168
42003515300,875,298
42003515401,1025,160
42003516100,710,75
42003516200,859,54
42003517000,956,261
42003518001,1577,249
42003519000,1270,117
42003520001,1501,254
42003520002,1501,176
42003521100,1800,201
42003521200,1922,211
42003521301,2096,474
42003521302,2147,365
42003521401,1288,128
42003521402,1517,103
42003521500,1869,339
42003522000,1498,418
42003523100,1528,221
42003523200,1729,318
42003523300,1693,389
42003523400,2339,371
42003523501,1918,467
42003523502,663,221
42003523600,1999,213
42003523701,1802,406
42003523702,2509,573
42003523800,2194,425
42003524000,1242,375
42003525100,954,93
42003525200,1201,265
42003525300,938,149
42003526101,2997,184
42003526102,893,190
42003526201,1529,259
42003526202,1885,338
42003526301,1725,143
42003526302,2205,267
42003550900,698,300
42003551200,1686,637
42003551300,1250,207
42003551900,951,535
42003552000,1134,391
42003552100,544,277
42003552200,491,212
42003552300,877,267
42003552400,1282,322
42003560400,903,185
42003560500,1342,69
42003560600,585,200
42003561000,581,148
42003561100,393,158
42003561200,498,215
42003561400,2636,889
42003561500,1738,418
42003561600,890,258
42003561700,344,69
42003561900,1073,469
42003562000,1813,302
42003562300,1408,650
42003562400,1214,249
42003562500,1101,257
42003562600,1026,276
42003562700,1205,278
42003562800,792,212
42003562900,813,248
42003563000,1293,183
42003563100,1708,289
42003563200,1506,427
42003563300,555,41
42003563800,1695,315
42003563900,1973,352
42003564000,2447,357
42003564100,358,19
42003564200,1064,212
42003564400,2711,596
42003564500,1241,203
42003980000,0,0
42003980100,22,13
42003980300,0,0
42003980400,0,0
42003980500,8,4
42003980600,3,3
42003980700,4,0
42003980800,0,0
42003980900,0,0
42003981000,0,0
42003981100,4,0
42003981200,0,0
42003981800,12,8
42003982200,19,0
42005950100,1914,568
42005950200,844,221
42005950300,1255,325
42005950400,952,177
42005950500,2259,428
42005950600,1289,289
42005950700,1574,458
42005950800,1581,325
42005950900,2154,478
42005951000,1385,375
42005951100,1904,797
42005951200,2404,318
42005951300,1078,134
42005951400,1120,275
42005951500,1227,295
42005951600,1964,516
42005951700,1529,354
42005951800,1013,242
42005951900,796,144
42007600601,835,203
42007600602,1039,174
42007600700,3047,477
42007601000,1498,244
42007601100,1003,183
42007601200,1209,356
42007601300,1064,350
42007601400,1481,398
42007601600,636,185
42007601700,1284,240
42007601800,3375,678
42007602100,1666,307
42007602300,1139,270
42007602400,877,155
42007602500,733,265
42007602601,1865,251
42007602602,1300,239
42007602701,734,143
42007602702,1419,251
42007602800,1134,388
42007602900,1008,187
42007603000,1190,207
42007603202,2559,323
42007603300,1748,400
42007603400,906,309
42007603500,619,137
42007603600,972,182
42007603700,1857,412
42007603801,1217,153
42007603802,1250,88
42007603803,1392,240
42007603900,1368,226
42007604000,1139,248
42007604100,1163,309
42007604200,804,232
42007604500,1097,351
42007604600,1519,438
42007604700,700,151
42007604800,1814,404
42007604901,1567,261
42007604902,1975,356
42007605001,1005,139
42007605002,1351,237
42007605100,1884,337
42007605200,1124,244
42007605300,1309,286
42007605400,1652,513
42007605500,2019,462
42007605600,1415,282
42007605700,1008,419
42007605800,2415,379
42009960100,1453,359
42009960200,1430,406
42009960300,1971,456
42009960400,1930,434
42009960500,1476,406
42009960600,2123,754
42009960700,1327,398
42009960800,2065,498
42009960900,1946,522
42009961000,2307,637
42009961100,1638,402
42011000100,2330,1043
42011000200,1703,602
42011000300,732,121
42011000400,1368,408
42011000500,1193,306
42011000600,905,116
42011000700,1117,180
42011000800,1198,373
42011000900,890,200
42011001000,968,267
42011001100,1190,275
42011001200,498,150
42011001300,1076,266
42011001400,1294,369
42011001500,992,236
42011001600,866,200
42011001700,980,228
42011001800,948,243
42011001900,1074,353
42011002000,1400,329
42011002100,831,308
42011002200,605,162
42011002300,696,91
42011002500,1328,506
42011002600,1128,350
42011002700,844,196
42011002900,826,230
42011010100,2033,568
42011010201,1761,282
42011010202,2026,418
42011010302,1117,174
42011010303,822,81
42011010304,1812,296
42011010400,2879,678
42011010500,2390,514
42011010600,3173,319
42011010700,2637,315
42011010801,732,115
42011010802,3490,246
42011010902,1542,281
42011010903,2437,429
42011010904,1427,149
42011010905,1812,304
42011011000,1836,294
42011011101,1034,189
42011011102,2203,277
42011011200,1657,355
42011011300,1083,214
42011011400,2193,313
42011011500,1312,211
42011011601,2194,375
42011011602,1640,255
42011011603,2781,316
42011011701,2631,258
42011011702,1696,238
42011011703,1476,99
42011011800,1980,278
42011011902,1521,190
42011011903,1598,96
42011011904,2879,429
42011012001,958,183
42011012002,3703,354
42011012101,792,129
42011012103,897,103
42011012104,1280,201
42011012105,2971,201
42011012200,1270,188
42011012300,1828,253
42011012400,2514,454
42011012500,789,164
42011012600,854,162
42011012700,3565,555
42011012800,1552,284
42011012900,3160,489
42011013000,2687,535
42011013100,2090,290
42011013200,1904,457
42011013301,1212,201
42011013302,2277,315
42011013401,2970,434
42011013402,1185,180
42011013500,4350,463
42011013600,1548,166
42011013701,1421,332
42011013702,1571,287
42011013800,1948,605
42011013900,3203,465
42011014000,1994,309
42011014100,1462,342
42011014200,3137,645
42013010101,1515,390
42013010102,1209,241
42013010103,1011,251
42013010401,736,158
42013010402,2538,557
42013010500,1742,412
42013010600,1080,215
42013010700,2676,740
42013010800,1316,314
42013010900,2744,406
42013011001,1554,368
42013011002,1704,474
42013011100,2541,470
42013011200,2842,837
42013011300,2361,642
42013011400,1018,134
42013011500,2428,535
42013011600,1649,425
42013100200,971,210
42013100300,1329,328
42013100400,612,137
42013100500,1348,147
42013100600,1014,160
42013100700,940,244
42013100800,594,89
42013100900,1673,268
42013101100,651,124
42013101200,1841,334
42013101400,1452,377
42013101500,1452,380
42013101600,1358,502
42013101700,1522,389
42013101800,1201,291
42013101900,1016,567
42015950100,1552,327
42015950200,1956,408
42015950300,2559,535
42015950400,1326,331
42015950500,2693,512
42015950600,1544,298
42015950700,1808,370
42015950800,1513,329
42015950900,2224,529
42015951000,1304,334
42015951100,1156,219
42015951200,2119,485
42015951300,1547,382
42015951400,1550,472
42017100102,1322,159
42017100103,1107,102
42017100104,1771,367
42017100105,1187,145
42017100201,1593,136
42017100206,1904,146
42017100207,1718,364
42017100208,2624,663
42017100209,3636,444
42017100210,2668,475
42017100211,2903,388
42017100212,1401,175
42017100302,1690,258
42017100303,1643,342
42017100304,1064,227
42017100306,1334,293
42017100307,1942,224
42017100401,2385,302
42017100402,2340,379
42017100403,804,128
42017100404,2249,285
42017100406,1410,145
42017100407,425,51
42017100408,2134,192
42017100500,1031,141
42017100600,1483,371
42017100700,1246,342
42017100803,1632,193
42017100804,1219,130
42017100805,2062,361
42017100807,1713,254
42017100808,2001,124
42017100809,1938,49
42017100811,2010,183
42017100900,2705,149
42017101100,1079,167
42017101401,1544,155
42017101403,2138,148
42017101404,859,122
42017101405,2544,261
42017101503,1563,139
42017101504,1112,256
42017101505,1156,42
42017101506,2044,202
42017101603,1194,195
42017101605,1595,486
42017101607,1449,225
42017101609,1695,172
42017101610,1744,161
42017101611,2647,261
42017101802,1971,72
42017101803,3087,250
42017101805,750,45
42017101807,1517,48
42017101808,1089,157
42017101900,1539,68
42017102002,917,74
42017102003,1499,95
42017102004,1805,210
42017102102,1237,82
42017102104,2140,225
42017102300,2003,148
42017102401,1678,269
42017102402,1711,116
42017102500,1635,271
42017102600,992,273
42017102700,2247,446
42017102801,1252,111
42017103101,921,132
42017103102,779,136
42017103103,1909,491
42017103300,865,124
42017103400,2084,274
42017103700,1426,165
42017103800,552,122
42017103900,1809,240
42017104000,2677,165
42017104100,899,95
42017104201,1084,48
42017104203,1972,188
42017104204,1737,93
42017104301,1117,149
42017104303,1987,90
42017104304,503,25
42017104400,1164,133
42017104502,3000,228
42017104503,1467,93
42017104505,1902,37
42017104506,845,6
42017104601,1608,54
42017104603,1995,299
42017104604,2291,199
42017104701,1717,332
42017104702,1136,52
42017104703,918,69
42017104800,982,75
42017104901,2482,147
42017104902,2845,124
42017105003,1654,107
42017105004,1830,111
42017105006,1833,68
42017105008,1391,13
42017105009,1556,330
42017105010,1535,21
42017105011,1347,94
42017105012,930,53
42017105013,1899,110
42017105100,1057,10
42017105202,2202,141
42017105203,737,44
42017105206,1895,71
42017105207,1925,95
42017105208,728,18
42017105300,940,63
42017105400,2865,54
42017105505,1478,19
42017105506,1269,40
42017105507,2462,203
42017105508,1118,10
42017105509,1542,94
42017105510,2594,88
42017105511,1537,29
42017105600,1068,70
42017105702,1262,123
42017105704,2542,485
42017105801,2301,133
42017105805,2233,372
42017105807,1578,370
42017105808,1283,183
42017105809,1485,221
42017105810,807,244
42017105811,2097,270
42017105812,584,44
42017105900,735,144
42017106000,1636,184
42017106100,859,141
42017106200,3071,761
42017106300,2478,135
42017106401,2735,338
42017106402,2825,323
42017106500,2797,453
42017106600,810,90
42017980000,0,0
42019902100,1021,265
42019902200,878,241
42019902300,1274,357
42019902400,1191,324
42019902500,1617,422
42019902600,1215,231
42019902700,960,182
42019902800,1342,342
42019902900,802,133
42019903000,1937,352
42019903100,1218,153
42019910100,1726,368
42019910200,1939,422
42019910301,2086,247
42019910302,1792,221
42019910400,1089,98
42019910500,4,0
42019910600,1710,378
42019910700,1158,174
42019910800,1201,247
42019910900,2178,302
42019911000,2729,428
42019911100,1987,292
42019911200,2188,485
42019911300,2112,418
42019911400,1620,358
42019911501,2138,415
42019911502,1788,310
42019911600,2075,362
42019911700,1848,308
42019911800,2455,216
42019911900,2186,384
42019912001,1772,92
42019912002,2268,261
42019912101,1695,28
42019912102,1110,65
42019912200,1376,59
42019912301,2048,87
42019912303,1232,29
42019912304,1224,30
42019912401,3282,219
42019912402,2869,371
42019912700,3062,496
42019912800,2194,175
42021000100,894,558
42021000200,301,123
42021000300,707,124
42021000500,831,176
42021000600,800,262
42021000700,1414,306
42021001200,1451,335
42021010100,1723,407
42021010200,609,150
42021010300,970,247
42021010500,1730,474
42021010600,1103,152
42021010700,1243,193
42021010801,2321,410
42021011000,695,139
42021011100,2239,412
42021011200,939,120
42021011300,2096,307
42021011400,1779,534
42021011500,1738,363
42021011600,1157,350
42021011700,965,234
42021011800,1586,382
42021011900,1479,360
42021012000,2459,610
42021012100,950,248
42021012200,1465,318
42021012300,832,177
42021012400,1448,331
42021012500,2133,455
42021012600,1644,263
42021012700,1046,274
42021012800,1854,460
42021012900,1401,322
42021013000,1137,301
42021013100,956,212
42021013200,1593,424
42021013300,2238,522
42021013400,1143,388
42021013500,1062,353
42021013600,1500,656
42021013700,1523,462
42023960100,907,231
42023960200,1289,311
42025020102,1787,407
42025020103,1569,156
42025020105,2160,250
42025020106,764,199
42025020200,2770,740
42025020300,2453,512
42025020400,1764,508
42025020500,2826,507
42025020600,2219,753
42025020700,2134,464
42025020800,3385,659
42025020900,2147,388
42027010100,1654,429
42027010200,1176,298
42027010300,1472,513
42027010400,1435,281
42027010500,2107,419
42027010600,1491,238
42027010700,2165,309
42027010800,1886,675
42027010900,2993,526
42027011000,3298,467
42027011100,2714,523
42027011201,2398,455
42027011300,3513,135
42027011400,2574,93
42027011501,1370,66
42027011502,3214,280
42027011600,1397,47
42027011702,2316,182
42027011800,2196,105
42027011901,966,27
42027011902,2911,207
42027012000,1848,172
42027012100,18,0
42027012200,165,7
42027012300,909,11
42027012400,2211,133
42027012500,1617,148
42027012600,1397,52
42027012700,1565,120
42027012800,2729,323
42027981202,5,0
42029300101,1225,131
42029300103,1119,237
42029300104,1944,123
42029300106,2170,30
42029300107,1461,13
42029300108,2648,341
42029300109,1246,29
42029300201,1952,188
42029300202,1881,34
42029300301,1719,70
42029300302,1249,62
42029300303,1276,114
42029300400,1629,102
42029300501,1624,90
42029300502,1353,158
42029300600,1967,310
42029300700,2344,460
42029300800,2108,371
42029300900,941,121
42029301000,3030,267
42029301100,1490,321
42029301300,2436,194
42029301401,1262,247
42029301402,1950,147
42029301500,961,76
42029301600,1049,74
42029301700,631,29
42029301800,1719,86
42029301900,1493,30
42029302000,1858,69
42029302101,2387,155
42029302102,1468,51
42029302202,2800,94
42029302203,1848,64
42029302204,2181,43
42029302300,1413,237
42029302400,1803,355
42029302500,1922,179
42029302600,1738,288
42029302702,2028,212
42029302703,1471,91
42029302704,1805,76
42029302705,1526,172
42029302706,1848,159
42029302802,2061,200
42029302803,1182,143
42029302804,1643,271
42029302805,3385,148
42029302901,1768,54
42029302902,2059,59
42029303000,1192,28
42029303100,1437,103
42029303301,1120,143
42029303302,2018,121
42029303401,1347,340
42029303402,673,199
42029303501,1742,56
42029303502,1090,35
42029303801,1559,101
42029303802,2761,62
42029303901,1511,18
42029303902,2191,77
42029304000,2014,294
42029304101,1929,201
42029304102,1380,234
42029304201,2776,380
42029304300,2873,35
42029304403,1487,46
42029304404,2071,199
42029304405,1943,79
42029304406,1326,126
42029304501,2688,54
42029304502,1045,17
42029304600,1165,39
42029304900,2678,676
42029305000,714,129
42029305101,1711,265
42029305102,1628,267
42029305300,2885,494
42029305400,1421,429
42029305500,1319,476
42029305600,994,313
42029305700,769,202
42029306000,2688,210
42029306300,870,249
42029306501,1581,35
42029306503,821,194
42029306504,1515,201
42029306600,1098,25
42029306700,1584,149
42029306800,639,112
42029306900,1894,165
42029307000,2281,341
42029307100,847,105
42029307200,482,104
42029307300,1486,265
42029307400,1384,254
42029307700,909,293
42029307800,823,73
42029307900,988,233
42029308000,1969,830
42029308101,1405,158
42029308102,1388,307
42029308200,906,239
42029310400,0,0
42029311000,2259,203
42029311100,1388,63
42029311200,806,75
42029311300,1093,36
42029311401,2676,304
42029311403,1399,245
42029311404,1337,198
42029311500,1484,279
42029311600,777,146
42029311700,2990,506
42029311800,1318,371
42031160101,782,227
42031160102,2334,417
42031160200,1367,315
42031160300,1838,330
42031160400,1491,393
42031160500,1359,339
42031160600,1976,356
42031160700,1782,462
42031160800,1559,355
42031160900,1437,301
42033330100,2016,491
42033330200,1458,407
42033330300,1837,527
42033330400,2144,196
42033330500,1716,521
42033330600,1178,374
42033330700,763,238
42033330800,2753,697
42033330900,2099,522
42033331000,2166,735
42033331100,1493,470
42033331200,1362,394
42033331300,1821,416
42033331401,1404,463
42033331402,1481,363
42033331500,753,225
42033331600,920,278
42033331700,1778,527
42033331800,1112,246
42033331900,898,308
42035030100,1268,338
42035030200,2049,440
42035030300,1600,284
42035030400,1953,391
42035030500,1670,282
42035030600,1116,248
42035030700,2229,480
42035030800,1471,381
42035030900,1319,438
42037050100,2176,484
42037050200,2218,556
42037050300,2162,448
42037050400,1613,323
42037050500,1684,421
42037050600,2135,580
42037050700,2172,657
42037050800,1633,403
42037050900,1297,206
42037051000,1144,199
42037051100,1429,291
42037051200,2107,329
42037051300,1352,350
42037051400,1068,211
42037051500,2374,615
42039110100,2089,814
42039110201,1519,301
42039110202,1496,390
42039110300,1709,426
42039110400,1228,246
42039110501,813,163
42039110502,1768,313
42039110600,1266,181
42039110700,1529,242
42039110800,1953,416
42039110900,1221,345
42039111000,1051,227
42039111100,1285,286
42039111200,988,230
42039111300,2247,433
42039111400,1949,253
42039111500,2229,548
42039111600,1894,647
42039111700,1381,183
42039111800,2406,427
42039111900,1341,377
42039112001,1106,294
42039112002,634,179
42041010100,2312,538
42041010201,2229,280
42041010203,1572,261
42041010204,2047,179
42041010300,2024,274
42041010400,1482,115
42041010500,1712,166
42041010600,2132,405
42041010700,1735,184
42041010800,1809,393
42041010900,2050,181
42041011002,1113,266
42041011101,1468,168
42041011102,2359,492
42041011200,653,74
42041011301,1925,135
42041011302,2884,95
42041011303,2497,262
42041011304,2460,483
42041011305,2047,214
42041011400,2174,385
42041011500,2027,283
42041011601,3882,536
42041011602,1390,95
42041011605,2022,123
42041011700,2341,293
42041011801,3652,562
42041011802,2976,280
42041011803,2538,471
42041011901,2141,323
42041011902,2475,501
42041012000,2074,226
42041012100,1014,227
42041012200,963,208
42041012300,697,302
42041012400,2727,402
42041012501,1839,443
42041012502,2819,349
42041012600,2328,460
42041012701,1948,218
42041012702,1624,371
42041012800,3196,701
42041012900,545,122
42041013000,2651,582
42041013101,3857,738
42041013102,1224,196
42041013200,2253,498
42041981001,0,0
42041981606,32,0
42043020100,2066,722
42043020300,1017,226
42043020400,1062,306
42043020500,1535,226
42043020600,486,123
42043020700,909,355
42043020800,1228,381
42043020900,1481,259
42043021100,1143,523
42043021200,799,184
42043021300,1801,635
42043021400,1863,594
42043021500,1406,225
42043021600,1066,242
42043021700,2326,436
42043021800,931,116
42043021901,2069,444
42043021903,1485,169
42043021904,2204,237
42043022000,2267,466
42043022100,1939,496
42043022200,1227,273
42043022300,2554,600
42043022401,1682,137
42043022403,2848,555
42043022501,2360,236
42043022502,2233,203
42043022601,2873,415
42043022604,2554,158
42043022605,1947,152
42043022606,1637,245
42043022701,1674,365
42043022702,1867,202
42043022800,2129,318
42043022900,2565,584
42043023000,808,139
42043023100,653,95
42043023300,1454,279
42043023400,646,165
42043023500,1089,250
42043023601,1150,158
42043023602,2355,238
42043023700,761,245
42043023800,1891,393
42043023900,1317,368
42043024001,2642,451
42043024002,1087,94
42043024101,947,113
42043024102,1370,235
42043024104,2420,127
42043024105,2281,106
42043024200,1161,216
42043024300,1610,323
42043024400,2052,244
42043024502,2195,274
42043024503,2667,212
42043024600,4040,494
42043024700,2453,311
42043024800,3289,762
42043024900,971,286
42043025000,1201,369
42043025100,1287,456
42043025200,1469,302
42043025300,1764,337
42043025400,1226,361
42045400301,2061,505
42045400302,1256,266
42045400401,1878,525
42045400402,1705,365
42045400500,1431,273
42045400600,1779,303
42045400700,1701,281
42045400801,1045,231
42045400802,1252,146
42045400900,576,40
42045401000,662,44
42045401101,1151,100
42045401103,1114,71
42045401104,1583,155
42045401200,1421,257
42045401301,1118,205
42045401302,1129,92
42045401401,832,93
42045401402,1640,315
42045401501,1341,114
42045401502,1818,286
42045401600,721,110
42045401700,879,142
42045401800,1491,190
42045401900,1840,325
42045402000,1083,330
42045402100,2110,483
42045402200,812,133
42045402300,1433,341
42045402400,1072,278
42045402500,1150,375
42045402600,996,195
42045402700,823,266
42045402800,2169,384
42045402900,1393,357
42045403001,1208,175
42045403002,1120,197
42045403101,1382,313
42045403103,1012,278
42045403104,947,215
42045403200,1736,251
42045403300,2582,352
42045403401,1050,106
42045403402,1263,138
42045403501,1702,316
42045403502,1133,152
42045403601,1386,125
42045403602,614,76
42045403701,642,106
42045403702,849,134
42045403800,2574,453
42045403901,1440,241
42045403902,1317,158
42045404003,1031,184
42045404004,2430,293
42045404101,2537,312
42045404102,1906,432
42045404103,1338,291
42045404300,801,105
42045404400,614,209
42045404500,1856,602
42045404600,784,178
42045404700,935,398
42045404800,645,189
42045404900,388,150
42045405000,701,229
42045405100,861,268
42045405200,1329,436
42045405300,941,275
42045405400,908,272
42045406100,764,95
42045406201,1273,236
42045406202,2129,259
42045406300,1238,319
42045406401,982,135
42045406402,588,143
42045406500,521,85
42045406600,866,237
42045406700,1160,149
42045406801,1710,280
42045406802,1587,219
42045406803,3490,496
42045406902,2267,367
42045406903,1891,141
42045406904,2047,200
42045407000,1040,48
42045407101,1632,151
42045407102,1164,81
42045407201,1899,458
42045407202,1392,369
42045407401,1433,45
42045407404,1080,87
42045407501,1067,145
42045407502,1573,206
42045407600,1915,128
42045407700,1119,193
42045407801,1594,170
42045407802,2087,112
42045407803,1927,63
42045407804,1542,112
42045407805,553,65
42045407806,624,61
42045407901,1367,39
42045407902,1216,109
42045407903,1482,142
42045408001,2266,328
42045408002,1567,93
42045408101,1767,184
42045408102,1261,210
42045408103,1605,225
42045408300,1275,150
42045408400,831,131
42045408500,1548,135
42045408600,1287,100
42045408700,1717,122
42045408800,2034,168
42045408900,1075,93
42045409000,1332,105
42045409100,1485,155
42045409200,1457,195
42045409300,880,46
42045409400,977,75
42045409500,1695,311
42045409601,1782,172
42045409602,1515,151
42045409701,1878,83
42045409702,151,0
42045409802,1496,154
42045409803,2735,226
42045409902,2145,303
42045409903,1520,191
42045409904,1306,75
42045410000,1614,136
42045410100,2314,24
42045410200,1479,107
42045410301,2149,143
42045410302,4028,614
42045410400,3147,233
42045410500,1443,295
42045410601,1306,177
42045410602,1778,196
42045410700,1540,571
42045410800,2839,240
42045980000,0,0
42047950100,663,170
42047950200,1329,285
42047950400,1876,404
42047950500,1059,288
42047950900,948,215
42047951000,2022,393
42047951100,2427,531
42047951200,884,203
42047951300,2239,419
42049000100,1201,712
42049000200,1940,486
42049000300,1489,310
42049000400,1012,264
42049000500,1285,365
42049000600,1567,360
42049000700,978,339
42049000800,899,311
42049000900,2061,549
42049001000,1574,311
42049001100,1153,282
42049001200,882,340
42049001300,617,179
42049001400,513,175
42049001500,951,222
42049001600,1688,379
42049001700,991,222
42049001800,794,226
42049001900,901,389
42049002000,1282,303
42049002100,1714,328
42049002200,1675,238
42049002300,1175,243
42049002400,1325,161
42049002500,996,181
42049002600,1532,326
42049002700,2939,629
42049002800,2206,365
42049002900,1265,218
42049003000,1902,341
42049010101,1333,233
42049010103,723,205
42049010104,896,161
42049010107,664,155
42049010201,2432,571
42049010202,2153,354
42049010301,1911,323
42049010303,2052,276
42049010304,1704,163
42049010400,1986,151
42049010500,1970,446
42049010700,1661,250
42049010800,1468,284
42049010902,1842,321
42049010903,2654,277
42049010904,1810,93
42049011001,2683,310
42049011002,2288,536
42049011101,2301,316
42049011102,1451,250
42049011201,1846,323
42049011202,2921,352
42049011300,1415,391
42049011400,1576,334
42049011503,1642,335
42049011505,1090,250
42049011507,1202,161
42049011600,1734,401
42049011701,1187,218
42049011702,1990,287
42049011801,992,161
42049011802,1213,266
42049011900,2522,623
42049012001,1022,281
42049012002,1320,332
42049012100,2889,629
42049012201,2364,273
42049012202,1994,242
42049012300,2261,168
42049012400,705,116
42049980109,3,0
42049990000,0,0
42051260100,2451,780
42051260200,1844,542
42051260300,1428,423
42051260401,898,184
42051260402,1722,307
42051260500,2585,553
42051260600,1714,439
42051260700,1676,392
42051260800,1768,615
42051260900,1887,558
42051261000,935,242
42051261100,984,218
42051261200,920,242
42051261300,1806,325
42051261401,910,237
42051261402,1154,452
42051261500,1568,453
42051261600,1203,343
42051261700,1209,442
42051261800,1596,373
42051261900,1635,645
42051262000,1869,322
42051262100,1154,420
42051262200,1471,521
42051262300,1289,363
42051262400,1469,296
42051262500,1269,296
42051262600,1193,376
42051262701,1202,249
42051262702,1096,448
42051262800,2805,732
42051262900,2086,793
42051263000,1407,521
42051263100,2201,591
42051263200,985,370
42051263300,654,190
42053530100,543,157
42053530201,459,128
42053530300,471,177
42055010100,1598,510
42055010200,1662,402
42055010300,3846,810
42055010400,3611,663
42055010500,3282,643
42055010600,2618,405
42055010700,3484,821
42055010800,1790,376
42055010900,1829,489
42055011000,2033,731
42055011100,1556,242
42055011200,1220,281
42055011301,2151,329
42055011302,2129,382
42055011400,2364,658
42055011500,2391,627
42055011600,2485,402
42055011700,2863,459
42055011800,1676,330
42055011900,2290,457
42055012000,2565,784
42055012100,1724,232
42055012200,1595,336
42055012300,1903,445
42055012400,1245,344
42055012501,2640,212
42055012502,1552,323
42057960100,2051,545
42057960200,2026,587
42057960300,1870,486
42059970100,3039,964
42059970200,1326,331
42059970300,1765,334
42059970400,1535,335
42059970501,938,129
42059970502,1636,423
42059970600,1402,234
42059970700,1157,282
42059970800,1686,370
42061950100,715,149
42061950200,1444,246
42061950300,1833,420
42061950400,2649,777
42061950500,1350,326
42061950600,1711,341
42061950800,1370,368
42061950900,1131,326
42061951000,1074,272
42061951100,760,186
42061951200,1946,610
42061951300,952,276
42063960100,1457,560
42063960200,1610,715
42063960300,958,344
42063960400,1514,547
42063960500,1356,328
42063960600,2067,500
42063960700,3645,767
42063960800,1825,266
42063960900,1847,435
42063961000,1050,157
42063961101,1831,288
42063961102,351,0
42063961200,1115,175
42063961300,1541,403
42063961400,1153,384
42063961500,1483,395
42063961600,1973,438
42063961700,738,161
42063961800,698,197
42063961900,1722,396
42063962000,1598,381
42063962100,1497,396
42063962200,1001,322
42065950100,952,296
42065950200,1209,287
42065950300,2207,491
42065950400,842,149
42065950500,875,210
42065950600,2175,497
42065950700,1209,414
42065950800,1524,400
42065950900,1681,448
42065951000,1498,590
42065951100,1576,328
42065951200,1367,345
42065951300,1337,437
42067070100,2795,722
42067070201,790,313
42067070202,2390,575
42067070300,1905,629
42067070400,1481,379
42069100200,1462,620
42069100300,705,135
42069100400,858,165
42069100500,904,144
42069100600,1440,352
42069100800,886,170
42069100900,654,141
42069101000,1191,240
42069101100,1035,142
42069101200,1227,232
42069101300,1198,325
42069101400,1059,256
42069101600,1006,454
42069101700,1275,298
42069101800,1850,476
42069101900,621,147
42069102000,934,342
42069102100,1041,237
42069102200,1057,298
42069102300,1438,398
42069102500,1127,294
42069102600,1030,259
42069102700,965,285
42069102800,1443,319
42069102900,1586,436
42069103000,854,289
42069103100,682,159
42069110100,1225,385
42069110201,1635,314
42069110202,1985,396
42069110300,1597,241
42069110401,2627,408
42069110402,917,153
42069110403,1006,238
42069110500,2201,316
42069110600,1144,218
42069110700,1037,277
42069110800,1353,487
42069110900,1371,301
42069111000,964,183
42069111100,3014,701
42069111200,2960,925
42069111300,1835,636
42069111400,2334,734
42069111500,1432,289
42069111600,1095,263
42069111700,1761,324
42069111800,3243,499
42069112000,1588,399
42069112100,1859,544
42069112200,978,116
42069112300,1152,209
42069112400,1568,238
42069112500,2505,710
42069112600,2392,630
42069112700,1367,309
42069112800,2351,357
42069112901,1618,304
42069112902,2265,349
42071000100,1251,396
42071000200,1098,173
42071000300,1890,295
42071000400,2023,605
42071000500,1459,283
42071000600,1595,327
42071000700,1131,264
42071000800,1205,430
42071000900,1365,566
42071001000,1322,461
42071001100,1236,277
42071001200,2095,453
42071001400,1613,539
42071010101,2502,399
42071010102,1497,160
42071010201,1667,298
42071010202,2057,624
42071010300,3341,544
42071010400,1898,363
42071010501,1661,255
42071010502,2873,425
42071010600,4030,614
42071010701,2225,339
42071010702,1783,421
42071010801,3322,613
42071010802,1247,160
42071010900,3438,485
42071011000,1083,286
42071011100,2788,292
42071011200,789,255
42071011300,1754,536
42071011400,1766,515
42071011502,2317,239
42071011503,2031,178
42071011504,3117,542
42071011600,2368,237
42071011701,1984,265
42071011703,2889,225
42071011704,1701,166
42071011705,2752,458
42071011801,1056,70
42071011802,2444,276
42071011803,2782,380
42071011804,3180,364
42071011805,895,147
42071011901,2031,89
42071011902,3216,724
42071012001,2300,323
42071012002,1619,202
42071012102,3037,450
42071012103,1624,295
42071012104,2169,254
42071012200,2951,657
42071012301,1405,292
42071012302,1394,327
42071012402,1620,234
42071012403,1833,367
42071012404,1903,433
42071012501,2780,570
42071012502,1756,419
42071012601,2626,647
42071012602,1462,562
42071012700,2480,791
42071012800,2226,414
42071012900,2363,990
42071013000,2680,849
42071013101,1744,463
42071013102,1253,287
42071013202,2324,307
42071013203,1991,367
42071013204,2502,445
42071013301,1687,170
42071013303,1962,331
42071013304,3042,490
42071013400,1019,190
42071013501,3939,422
42071013502,2029,430
42071013503,1032,65
42071013601,713,148
42071013602,2136,254
42071013701,2013,380
42071013702,3850,533
42071013800,1447,274
42071013901,1790,284
42071013902,1565,294
42071014000,2309,454
42071014101,1739,738
42071014102,1666,491
42071014201,1542,668
42071014202,1736,590
42071014300,2164,848
42071014401,2872,671
42071014402,1568,401
42071014501,1939,302
42071014502,1817,489
42071014601,1291,311
42071014602,2533,875
42071014700,1356,424
42073000100,1852,236
42073000200,913,340
42073000300,1670,520
42073000400,977,444
42073000600,379,133
42073000700,702,302
42073000800,1828,497
42073000900,861,355
42073001000,720,216
42073010100,1450,311
42073010201,1558,261
42073010202,1911,457
42073010300,560,75
42073010400,1362,392
42073010500,1111,209
42073010600,1089,365
42073010700,1066,182
42073010800,2553,515
42073010900,1306,247
42073011000,2179,606
42073011100,1672,394
42073011200,1034,247
42073011300,1692,283
42073011400,865,192
42073011500,1747,402
42073011600,1726,430
42073011700,834,112
42073011800,1125,334
42075000100,1840,662
42075000200,1951,437
42075000300,1496,557
42075000401,1661,618
42075000402,1314,352
42075000500,1510,314
42075002000,1217,275
42075002100,1922,483
42075002200,2472,411
42075002300,1167,244
42075002400,895,167
42075002500,1504,299
42075002600,934,152
42075002701,2252,326
42075002702,2312,560
42075002800,3279,806
42075002900,1217,213
42075003000,1983,430
42075003100,1447,435
42075003200,1784,348
42075003300,734,91
42075003400,1001,149
42075003500,1931,324
42075003600,1393,158
42075003700,1080,198
42075003800,3480,578
42075003901,1734,385
42075003902,1692,337
42075004000,2806,166
42075004100,973,206
42075004200,1811,260
42077000101,1616,322
42077000102,1410,279
42077000400,1078,203
42077000500,736,201
42077000600,2067,372
42077000700,1154,181
42077000800,1283,401
42077000900,524,157
42077001000,916,392
42077001200,611,170
42077001401,2900,812
42077001402,875,146
42077001501,2510,382
42077001502,2764,467
42077001600,1111,266
42077001700,1471,375
42077001800,1647,488
42077001900,1716,605
42077002000,1814,501
42077002100,2794,835
42077002201,1752,187
42077002202,831,311
42077002301,3010,414
42077002302,1077,141
42077005100,1822,407
42077005200,2751,563
42077005301,1306,198
42077005302,1684,175
42077005401,813,69
42077005402,1892,285
42077005503,1561,109
42077005504,1796,235
42077005505,1320,129
42077005506,1516,347
42077005601,1952,315
42077005602,1964,205
42077005702,1838,554
42077005703,1476,261
42077005704,1430,149
42077005705,2323,498
42077005800,1446,340
42077005901,2736,525
42077005902,717,112
42077006001,1836,247
42077006002,2133,187
42077006101,1428,258
42077006102,2179,189
42077006202,4334,456
42077006203,3146,441
42077006204,1360,117
42077006302,2588,291
42077006303,1385,202
42077006304,1552,149
42077006305,2677,100
42077006307,3607,324
42077006308,2965,279
42077006401,1255,131
42077006402,1910,258
42077006500,2573,626
42077006600,2191,215
42077006701,1940,253
42077006702,1094,147
42077006703,2326,269
42077006800,2032,508
42077006902,940,154
42077006903,2129,254
42077006905,1875,110
42077006906,1543,135
42077007000,1434,175
42077009100,1663,295
42077009200,1732,270
42077009300,1408,232
42077009400,1686,432
42077009500,2040,297
42077009600,2794,615
42077009700,1474,662
42079200100,747,393
42079200200,1293,209
42079200300,741,87
42079200400,924,248
42079200500,1068,195
42079200600,844,252
42079200700,1326,378
42079200800,1392,550
42079200900,1460,521
42079201000,909,285
42079201100,440,98
42079201200,567,103
42079201300,824,180
42079201400,900,380
42079201500,926,173
42079201600,1153,302
42079210100,1364,335
42079210200,1071,229
42079210300,1065,205
42079210400,603,153
42079210500,2109,396
42079210600,597,173
42079210700,829,207
42079210800,1398,425
42079210900,657,245
42079211000,2061,480
42079211101,2398,549
42079211102,861,121
42079211201,1129,141
42079211203,682,140
42079211204,2192,564
42079211205,1197,325
42079211301,872,88
42079211302,1364,206
42079211303,1215,263
42079211304,810,130
42079211400,2756,388
42079211500,1132,253
42079211600,1455,355
42079211701,2143,480
42079211702,633,74
42079211800,760,176
42079211900,2777,854
42079212000,820,219
42079212100,1836,344
42079212200,2128,487
42079212300,1418,365
42079212700,2266,651
42079212800,1664,277
42079212900,579,106
42079213000,725,145
42079213100,727,197
42079213200,1972,460
42079213300,702,181
42079213400,1863,473
42079213600,958,286
42079213700,873,207
42079213800,735,227
42079213900,720,171
42079214000,530,131
42079214100,1061,280
42079214200,1312,419
42079214300,824,260
42079214400,858,316
42079214500,794,224
42079214600,1809,491
42079214900,606,136
42079215000,609,134
42079215100,1145,279
42079215200,1285,256
42079215300,1651,286
42079215400,1036,249
42079215501,1566,256
42079215502,2176,362
42079215503,1346,200
42079215504,1601,379
42079215600,1704,445
42079215701,915,217
42079215702,807,148
42079215800,1215,290
42079215900,1425,296
42079216000,303,95
42079216100,1763,375
42079216200,2288,618
42079216400,818,180
42079216501,839,138
42079216502,1455,182
42079216600,3811,576
42079216700,1346,432
42079216800,1526,388
42079216900,1848,422
42079217001,878,267
42079217002,1200,311
42079217100,1202,309
42079217200,1126,492
42079217300,1364,334
42079217400,621,233
42079217500,759,227
42079217600,986,213
42079217700,1591,466
42079217800,1278,419
42079217900,1720,592
42079218000,1620,376
42079980100,0,0
42081000100,1502,309
42081000200,892,154
42081000300,2443,445
42081000400,1787,542
42081000500,767,162
42081000600,1071,242
42081000800,322,72
42081000900,1052,266
42081001000,1417,340
42081010100,944,222
42081010200,477,99
42081010300,1258,243
42081010400,2058,424
42081010500,2342,442
42081010600,1728,370
42081010700,2489,495
42081010800,2763,546
42081010900,1166,189
42081011000,1915,349
42081011100,2413,458
42081011200,2228,506
42081011301,896,279
42081011302,2390,680
42081011400,683,153
42081011601,516,110
42081011602,2698,548
42081011700,2204,422
42081011800,1181,266
42081011900,2389,394
42083420100,1597,392
42083420200,1421,514
42083420300,1127,291
42083420400,1171,197
42083420500,1305,324
42083420600,2235,402
42083420700,1823,385
42083420800,1564,372
42083420900,930,248
42083421000,1612,397
42083421100,1455,350
42083421200,959,155
42085030100,823,237
42085030300,1471,360
42085030400,1145,224
42085030500,1205,328
42085030900,1241,317
42085031100,682,172
42085031200,2348,390
42085031300,1161,138
42085031400,2484,479
42085031700,989,155
42085031800,1951,469
42085031900,2005,449
42085032000,2091,534
42085032100,1152,433
42085032200,1041,169
42085032300,1355,267
42085032400,2545,602
42085032501,2347,598
42085032502,917,178
42085032601,2300,501
42085032602,1221,242
42085032701,1914,395
42085032702,1069,309
42085032800,2202,466
42085032900,1318,190
42085033000,1207,240
42085033100,1816,408
42085033200,1455,496
42085033300,1152,299
42085033400,1198,350
42087960100,1534,583
42087960200,1584,392
42087960300,1806,844
42087960400,1232,387
42087960500,1599,504
42087960600,2407,680
42087960700,968,269
42087960800,1452,504
42087960900,1173,349
42087961000,848,210
42087961100,3193,831
42087961200,1143,327
42089300101,1185,219
42089300102,2092,201
42089300201,1606,389
42089300202,2351,547
42089300301,1424,203
42089300304,1989,186
42089300305,2050,213
42089300307,2135,368
42089300308,944,149
42089300309,1695,232
42089300311,706,157
42089300312,844,50
42089300401,1612,195
42089300402,2122,332
42089300403,2199,416
42089300501,919,71
42089300502,1692,306
42089300600,1775,338
42089300700,1486,308
42089300800,2359,515
42089300900,1911,379
42089301001,3596,299
42089301002,840,175
42089301101,2082,423
42089301102,837,158
42089301202,1657,307
42089301203,1907,294
42089301204,1450,162
42089301205,2652,417
42089301301,2984,645
42089301302,1009,180
42089301401,1696,193
42089301402,1720,136
42091200103,1286,46
42091200104,1440,89
42091200105,923,85
42091200106,911,219
42091200200,405,19
42091200301,2580,315
42091200305,811,103
42091200306,1327,115
42091200307,1341,227
42091200308,1565,116
42091200309,959,62
42091200310,1060,193
42091200401,1393,156
42091200402,1612,139
42091200501,1300,101
42091200502,2338,291
42091200505,2529,148
42091200506,1544,67
42091200507,2170,120
42091200602,3120,77
42091200603,1197,36
42091200605,2404,401
42091200606,1207,47
42091200607,1573,33
42091200703,1595,156
42091200704,1394,201
42091200707,1752,284
42091200708,2067,198
42091200800,1195,167
42091200901,1562,398
42091200902,513,102
42091200903,1850,226
42091200906,744,113
42091200907,951,73
42091200908,878,110
42091201003,2124,171
42091201004,2190,170
42091201005,1144,36
42091201006,926,66
42091201100,1316,148
42091201201,2325,200
42091201203,1299,292
42091201204,900,68
42091201301,1353,213
42091201302,1297,258
42091201404,1853,179
42091201406,1605,103
42091201407,874,126
42091201408,1480,24
42091201409,1473,43
42091201410,1011,55
42091201411,1048,67
42091201501,1419,258
42091201502,696,17
42091201603,1661,159
42091201604,1134,124
42091201605,1026,104
42091201606,846,86
42091201607,1342,152
42091201608,1721,178
42091201703,1147,88
42091201704,1215,149
42091201705,1667,171
42091201706,1657,239
42091201800,1313,243
42091201901,1813,164
42091201902,2215,168
42091202000,1087,174
42091202100,1774,180
42091202201,1808,225
42091202202,1006,44
42091202301,1858,177
42091202302,937,136
42091202401,1969,209
42091202402,1798,162
42091202500,2079,242
42091202602,970,161
42091202603,1104,92
42091202604,863,79
42091203000,1035,37
42091203103,1050,66
42091203104,1737,253
42091203105,2158,168
42091203106,904,60
42091203203,1476,87
42091203204,2569,168
42091203205,746,44
42091203207,1150,93
42091203208,1237,46
42091203302,2318,151
42091203303,1889,506
42091203304,1832,248
42091203401,2889,559
42091203402,2962,247
42091203403,1585,214
42091203500,2460,478
42091203601,1024,365
42091203602,1474,153
42091203700,485,124
42091203801,1304,225
42091203803,2008,518
42091203804,1066,296
42091203901,1143,420
42091203902,1652,571
42091204002,1371,207
42091204007,947,60
42091204008,1150,137
42091204009,782,107
42091204010,947,68
42091204101,1758,312
42091204102,2199,129
42091204200,602,38
42091204300,1224,125
42091204400,1193,53
42091204500,1475,27
42091204600,1523,55
42091204701,1057,134
42091204702,1254,107
42091204800,1953,56
42091204900,1729,55
42091205000,748,67
42091205100,600,52
42091205200,1320,72
42091205300,947,153
42091205400,2732,210
42091205501,1712,215
42091205502,1326,39
42091205503,1864,160
42091205600,1857,70
42091205700,2048,263
42091205801,1696,163
42091205805,1326,118
42091205806,871,100
42091205807,793,49
42091205808,1937,190
42091205809,976,95
42091205903,1012,15
42091205904,980,56
42091205905,1702,176
42091205906,883,31
42091206004,1604,113
42091206005,1497,109
42091206006,1421,317
42091206007,2267,40
42091206102,3529,124
42091206104,1121,31
42091206105,1632,34
42091206106,1777,100
42091206201,1176,272
42091206202,1006,108
42091206300,1322,137
42091206400,1365,105
42091206501,1383,30
42091206502,1745,161
42091206600,632,106
42091206702,5,0
42091206703,1559,130
42091206704,2721,52
42091206801,2655,256
42091206802,1169,46
42091206901,1941,289
42091206904,2620,454
42091206905,1827,84
42091206906,1225,72
42091207001,2776,209
42091207003,1184,192
42091207004,1749,269
42091207101,2159,246
42091207103,1479,86
42091207104,1198,145
42091207201,969,182
42091207202,1659,365
42091207300,967,103
42091207400,1090,101
42091207500,1140,134
42091207600,1460,200
42091207800,2678,271
42091207900,1039,273
42091208000,1381,139
42091208100,1117,148
42091208201,832,72
42091208203,1847,314
42091208204,1233,90
42091208301,951,145
42091208302,3434,235
42091208400,1504,247
42091208500,1860,146
42091208601,2256,92
42091208603,2536,164
42091208604,2354,123
42091208702,1319,217
42091208703,1592,283
42091208704,1700,306
42091208801,615,194
42091208802,1303,392
42091208901,1565,244
42091208903,1113,257
42091208904,1400,515
42091208905,1210,184
42091208906,1534,266
42091209000,593,100
42091209100,1824,202
42091209201,601,75
42091209202,909,221
42091210100,1513,208
42091210200,993,15
42091210300,1468,137
42091210400,1842,320
42091210500,1566,140
42091210600,1667,186
42091210700,1941,115
42093050100,1375,421
42093050200,1603,270
42093050300,2291,644
42093050400,2154,388
42095010100,1577,264
42095010200,1508,161
42095010300,1418,178
42095010400,2083,283
42095010500,1752,584
42095010600,3019,631
42095010700,1697,342
42095010800,1398,427
42095010900,1158,174
42095011000,1182,399
42095011100,84,13
42095011200,1835,475
42095011300,1696,233
42095014100,1424,71
42095014200,2229,694
42095014300,1378,578
42095014400,1169,425
42095014500,1096,257
42095014600,1216,312
42095014700,1009,183
42095015201,2695,663
42095015300,1885,276
42095015400,1306,259
42095015500,2529,569
42095015600,1446,297
42095015700,1234,338
42095015801,1834,143
42095015802,1144,149
42095015901,2218,427
42095015902,1408,178
42095016001,2349,328
42095016002,1754,309
42095016100,825,106
42095016201,2356,548
42095016202,1739,348
42095016300,1085,203
42095016400,1826,134
42095016500,1928,321
42095016600,1014,246
42095016700,2029,177
42095016800,2538,703
42095016901,1208,77
42095016902,927,130
42095017000,774,102
42095017101,2323,277
42095017102,3338,382
42095017200,2442,383
42095017300,1055,196
42095017401,3192,297
42095017402,1553,73
42095017501,1653,267
42095017502,2127,222
42095017603,1530,334
42095017604,1770,153
42095017605,1531,228
42095017606,1642,147
42095017607,2299,129
42095017702,877,60
42095017703,1046,135
42095017704,2333,208
42095017800,989,145
42095017901,1457,296
42095017902,826,175
42095018001,1553,304
42095018002,2642,346
42095018100,2492,289
42095018200,1385,318
42095018300,1793,303
42097080100,1658,435
42097080200,3165,791
42097080300,2953,943
42097080400,1435,447
42097080500,1440,257
42097080600,1664,354
42097080700,1296,188
42097080800,3066,626
42097080900,1615,447
42097081000,1487,574
42097081100,1357,362
42097081200,1473,525
42097081300,1104,292
42097081400,917,301
42097081500,1096,348
42097081600,1213,412
42097081700,1166,364
42097081800,1336,373
42097081900,2396,484
42097082000,1542,382
42097082100,1166,505
42097082200,1464,561
42097082300,1989,551
42097082400,1283,396
42099030100,1897,441
42099030201,999,148
42099030202,1934,530
42099030301,1925,502
42099030302,1782,341
42099030400,2138,404
42099030501,2270,353
42099030502,2245,445
42099030601,1634,376
42099030602,1112,381
42101000100,2367,37
42101000200,1010,177
42101000300,1805,188
42101000401,1690,213
42101000402,2483,247
42101000500,933,76
42101000600,674,11
42101000700,2429,197
42101000801,797,0
42101000803,1837,272
42101000804,3085,114
42101000901,1409,172
42101000902,1315,349
42101001001,1450,87
42101001002,1692,96
42101001101,1813,196
42101001102,1492,79
42101001201,2106,150
42101001202,2793,124
42101001300,2734,251
42101001400,2168,432
42101001500,1497,125
42101001600,1082,59
42101001700,1353,55
42101001800,1486,238
42101001900,1472,99
42101002000,853,143
42101002100,883,229
42101002200,1063,158
42101002300,1248,164
42101002400,2128,296
42101002500,1707,224
42101002701,1422,272
42101002702,1780,204
42101002801,1577,428
42101002802,2133,499
42101002900,1778,222
42101003001,1446,260
42101003002,1233,380
42101003100,1924,772
42101003200,1453,499
42101003300,2375,936
42101003600,2691,978
42101003701,2065,442
42101003702,1404,260
42101003800,1526,312
42101003901,2740,880
42101003902,2281,509
42101004001,1883,456
42101004002,2085,494
42101004101,2065,418
42101004102,2630,692
42101004201,2024,415
42101004202,1701,334
42101005000,0,0
42101005400,653,129
42101005500,2503,610
42101005600,529,138
42101006000,2478,709
42101006100,1117,310
42101006200,1536,461
42101006300,1386,392
42101006400,1394,353
42101006500,1754,762
42101006600,1314,602
42101006700,2577,933
42101006900,988,491
42101007000,1446,524
42101007101,834,282
42101007102,1827,548
42101007200,1801,565
42101007300,1108,452
42101007400,1748,550
42101007700,651,102
42101007800,2026,267
42101007900,2066,271
42101008000,1429,510
42101008101,986,260
42101008102,1832,613
42101008200,2551,637
42101008301,1647,462
42101008302,1815,516
42101008400,1638,618
42101008500,2667,742
42101008601,1380,211
42101008602,1067,296
42101008701,1829,230
42101008702,1257,99
42101008801,173,18
42101008802,1312,116
42101009000,954,54
42101009100,1531,490
42101009200,1289,610
42101009300,1665,690
42101009400,1904,1009
42101009500,1277,579
42101009600,1677,662
42101009801,921,131
42101009802,2164,302
42101010000,1579,430
42101010100,2420,848
42101010200,1294,565
42101010300,911,375
42101010400,1403,808
42101010500,1463,653
42101010600,633,336
42101010700,1274,556
42101010800,1513,588
42101010900,929,329
42101011000,1444,592
42101011100,1274,578
42101011200,2085,648
42101011300,1152,228
42101011400,2867,924
42101011500,1675,276
42101011700,329,31
42101011800,2286,1027
42101011900,2110,777
42101012000,664,104
42101012100,1373,350
42101012201,2007,574
42101012203,242,35
42101012204,1889,360
42101012500,2923,585
42101013100,679,132
42101013200,1000,406
42101013300,1404,147
42101013401,1387,188
42101013402,1510,227
42101013500,1510,149
42101013601,1388,150
42101013602,1751,214
42101013700,2063,863
42101013800,830,337
42101013900,1139,628
42101014000,1279,282
42101014100,1043,390
42101014200,2124,56
42101014300,738,84
42101014400,1486,325
42101014500,628,205
42101014600,1035,458
42101014700,973,138
42101014800,439,213
42101014900,1659,875
42101015101,804,349
42101015102,1609,982
42101015200,1833,742
42101015300,1173,384
42101015600,591,271
42101015700,886,196
42101015800,2679,518
42101016000,2659,415
42101016100,2080,648
42101016200,879,347
42101016300,1158,564
42101016400,1605,789
42101016500,1099,657
42101016600,675,261
42101016701,1201,733
42101016702,1155,698
42101016800,1585,705
42101016901,1299,689
42101016902,1940,1147
42101017000,1319,582
42101017100,1610,646
42101017201,1220,503
42101017202,1590,788
42101017300,1123,686
42101017400,847,418
42101017500,2426,1480
42101017601,2025,976
42101017602,1348,601
42101017701,1100,376
42101017702,1578,712
42101017800,1994,683
42101017900,2130,317
42101018001,1126,253
42101018002,2298,566
42101018300,1454,214
42101018400,811,146
42101018800,2429,657
42101019000,2675,555
42101019100,2901,759
42101019200,2294,573
42101019501,1703,945
42101019502,1073,379
42101019700,2212,1005
42101019800,2100,913
42101019900,1362,604
42101020000,541,328
42101020101,1698,1041
42101020102,1221,517
42101020200,2109,1499
42101020300,987,505
42101020400,1119,478
42101020500,1229,601
42101020600,714,113
42101020700,2292,399
42101020800,1116,89
42101020900,1196,141
42101021000,2047,318
42101021100,1041,91
42101021200,1041,136
42101021300,1360,148
42101021400,1595,131
42101021500,1615,115
42101021600,1001,81
42101021700,2436,240
42101021800,2217,288
42101021900,656,87
42101022000,679,104
42101023100,496,26
42101023500,560,80
42101023600,1070,198
42101023700,2045,471
42101023800,1779,340
42101023900,954,249
42101024000,1496,371
42101024100,691,307
42101024200,1690,636
42101024300,1461,322
42101024400,1100,371
42101024500,1570,749
42101024600,1014,329
42101024700,1584,533
42101024800,729,174
42101024900,1118,388
42101025200,2622,878
42101025300,1574,370
42101025400,1988,273
42101025500,1126,177
42101025600,1141,160
42101025700,1930,352
42101025800,745,173
42101025900,2033,688
42101026000,1257,277
42101026100,1410,272
42101026200,1686,499
42101026301,1551,388
42101026302,2019,535
42101026400,2185,523
42101026500,1682,406
42101026600,2173,459
42101026700,2538,718
42101026800,1915,538
42101026900,696,144
42101027000,907,121
42101027100,910,209
42101027200,1885,500
42101027300,2113,692
42101027401,1141,433
42101027402,2302,648
42101027500,1683,393
42101027600,1425,562
42101027700,1945,823
42101027800,1912,851
42101027901,1450,621
42101027902,910,305
42101028000,1657,737
42101028100,1428,497
42101028200,2126,719
42101028300,2336,1073
42101028400,1267,408
42101028500,855,376
42101028600,2270,661
42101028700,832,327
42101028800,1266,540
42101028901,1257,314
42101028902,1966,777
42101029000,2134,865
42101029100,1592,496
42101029200,1319,259
42101029300,846,291
42101029400,1015,422
42101029800,1935,544
42101029900,1611,574
42101030000,2372,709
42101030100,2188,552
42101030200,2533,543
42101030501,1896,432
42101030502,2044,415
42101030600,2635,809
42101030700,1442,330
42101030800,1719,215
42101030900,1302,235
42101031000,2173,479
42101031101,1680,361
42101031102,1501,267
42101031200,1615,430
42101031300,2220,450
42101031401,2115,370
42101031402,1823,462
42101031501,2093,570
42101031502,1375,270
42101031600,2175,284
42101031700,2364,581
42101031800,1458,459
42101031900,1718,442
42101032000,2458,412
42101032100,1426,333
42101032300,1378,404
42101032500,2081,518
42101032600,2425,311
42101032900,1389,376
42101033000,2665,531
42101033101,1705,245
42101033102,1580,419
42101033200,957,126
42101033300,1747,475
42101033400,1878,490
42101033500,1389,238
42101033600,2764,539
42101033701,2184,614
42101033702,1946,395
42101033800,2300,570
42101033900,1183,198
42101034000,1036,133
42101034100,2306,233
42101034200,1480,243
42101034400,2717,335
42101034501,1845,690
42101034502,2442,507
42101034600,1213,237
42101034701,2512,379
42101034702,1413,217
42101034801,1855,411
42101034802,2018,303
42101034803,1535,252
42101034900,2084,488
42101035100,2340,433
42101035200,1606,228
42101035301,1955,219
42101035302,1913,333
42101035500,2842,742
42101035601,2293,524
42101035602,1238,235
42101035701,1912,366
42101035702,1597,236
42101035800,2213,286
42101035900,2170,428
42101036000,1113,301
42101036100,1306,133
42101036201,1918,296
42101036202,2349,261
42101036203,1785,216
42101036301,1267,184
42101036302,1215,176
42101036303,2281,334
42101036400,209,14
42101036501,2274,520
42101036502,1387,240
42101036600,1177,27
42101036700,1542,78
42101036900,672,28
42101037200,1768,373
42101037300,2375,325
42101037500,1390,166
42101037600,1318,159
42101037700,1198,327
42101037800,1021,193
42101037900,2088,526
42101038000,796,145
42101038100,311,108
42101038200,932,279
42101038300,1002,431
42101038400,963,147
42101038500,870,59
42101038600,594,24
42101038700,650,26
42101038800,1648,187
42101038900,1308,264
42101039000,2820,795
42101980000,91,8
42101980100,53,4
42101980200,92,16
42101980300,0,0
42101980400,0,0
42101980500,0,0
42101980600,0,0
42101980700,0,0
42101980800,0,0
42101980900,0,0
42101989100,0,0
42103950102,980,97
42103950103,903,192
42103950104,1019,152
42103950201,1440,95
42103950202,579,109
42103950301,1112,185
42103950302,367,58
42103950501,505,46
42103950502,1167,145
42103950601,603,104
42103950603,559,96
42103950605,1884,177
42103950606,2194,211
42103950701,1438,182
42103950702,1134,130
42103950801,1666,257
42103950802,1980,121
42103950900,1849,230
42105950100,1806,522
42105950200,1153,269
42105950300,1610,389
42105950400,1125,233
42105950500,842,223
42107000100,2243,509
42107000200,1018,296
42107000300,2299,570
42107000400,907,230
42107000500,1547,501
42107000601,1497,633
42107000602,548,207
42107000700,1522,423
42107000800,1519,365
42107000900,2434,507
42107001000,1349,308
42107001100,919,263
42107001200,1691,400
42107001300,1225,335
42107001400,964,218
42107001500,1893,683
42107001600,1669,343
42107001700,1423,276
42107001800,916,186
42107001900,2191,883
42107002000,1351,421
42107002100,594,181
42107002200,1187,294
42107002300,1294,417
42107002400,1041,315
42107002500,897,243
42107002600,1851,625
42107002700,1226,406
42107002800,1030,228
42107002900,2116,288
42107003000,2314,372
42107003100,1226,216
42107003200,2215,418
42107003300,2162,425
42107003400,1339,221
42107003500,2115,313
42107003600,1072,239
42107003700,1517,415
42107003800,828,163
42107003900,1609,307
42109070100,2381,362
42109070200,3141,585
42109070300,2166,664
42109070400,2020,584
42109070500,1286,432
42109070600,1704,587
42109070701,1867,512
42109980705,11,11
42111020101,889,190
42111020102,2300,500
42111020200,1924,604
42111020300,1825,521
42111020400,1529,430
42111020500,1189,414
42111020600,2334,521
42111020700,1139,249
42111020800,1642,336
42111020900,1822,422
42111021000,1887,488
42111021100,922,506
42111021200,1108,262
42111021300,1332,467
42111021400,1750,426
42111021500,973,273
42111021600,867,283
42111021700,1155,406
42111021800,1380,348
42111021901,979,378
42111021902,972,293
42113960100,1536,436
42113960200,1112,249
42115032000,1258,274
42115032100,1611,255
42115032200,1684,377
42115032300,1463,435
42115032400,1718,310
42115032500,1723,321
42115032600,1964,480
42115032700,1412,196
42115032800,2047,362
42115032901,1619,265
42115032902,905,268
42117950100,1586,348
42117950200,1430,340
42117950300,1508,357
42117950400,1674,370
42117950500,1777,342
42117950600,2236,477
42117950700,1949,350
42117950800,1446,337
42117950900,1450,316
42117951000,1065,288
42119090102,2253,504
42119090200,2298,619
42119090300,1634,492
42119090400,1597,296
42119090502,2857,915
42119090600,2041,203
42119090700,1989,652
42119980101,8,0
42119980501,8,0
42119980800,17,5
42121200000,1369,275
42121200100,1507,352
42121200200,2271,516
42121200300,645,131
42121200400,1137,303
42121200500,1026,189
42121200600,2171,448
42121200700,902,302
42121200800,981,178
42121200900,1085,456
42121201000,1307,266
42121201100,1835,409
42121201200,1274,224
42121201300,1503,370
42121201400,1475,422
42121201500,1437,297
42123970100,1002,224
42123970200,1607,333
42123970300,2165,623
42123970400,1067,270
42123970500,1476,375
42123970600,1459,379
42123970700,1134,184
42123970800,1607,357
42123970900,1606,410
42123971000,961,132
42123971100,1261,252
42123971200,1022,208
42123971400,728,253
42125704100,572,264
42125711000,1601,378
42125712700,579,181
42125713700,1766,486
42125714000,1215,280
42125715700,759,202
42125721000,1692,385
42125722700,1340,195
42125731000,2302,505
42125732000,1267,230
42125741100,1784,195
42125741300,1461,241
42125742100,2421,264
42125742200,632,81
42125743700,587,125
42125744100,2446,480
42125744200,1480,219
42125745100,3648,391
42125745200,2047,211
42125746100,2283,99
42125746200,1594,68
42125746301,1856,94
42125746302,1790,72
42125751100,2104,406
42125751200,1265,306
42125752700,1766,369
42125753700,835,40
42125754200,1005,304
42125754300,1254,390
42125754400,717,145
42125754500,1186,338
42125754600,837,180
42125755100,2018,620
42125755200,2257,364
42125755700,1543,227
42125761000,2195,529
42125762000,1066,281
42125763700,686,174
42125764000,1397,463
42125771100,2316,392
42125771200,1651,372
42125772700,978,187
42125773100,1259,313
42125773200,558,162
42125774700,2268,252
42125775200,986,251
42125775300,904,238
42125781700,1774,347
42125782700,598,180
42125783200,1019,398
42125783300,725,156
42125784000,1199,294
42125791000,653,152
42125792100,1602,367
42125792200,754,173
42125795700,946,242
42125795800,1499,149
42125795900,1715,315
42125796000,1240,275
42127960100,516,101
42127960200,1240,232
42127960300,966,271
42127960400,1168,254
42127960500,1482,328
42127960600,1868,317
42127960700,2108,546
42127960800,1645,285
42127960900,1289,254
42127961000,1763,386
42127961100,1620,305
42127961200,1676,291
42127961300,1069,180
42127961400,792,145
42129800100,562,291
42129800200,665,191
42129800300,1199,375
42129800400,709,198
42129800500,1103,198
42129800600,952,345
42129800700,1092,488
42129800800,760,127
42129800900,1222,338
42129801001,1641,297
42129801002,1115,160
42129801100,2040,439
42129801200,2376,399
42129801300,1777,386
42129801400,838,196
42129801500,1175,405
42129801600,610,204
42129801701,924,198
42129801702,1869,316
42129801703,1160,338
42129801800,2582,625
42129801900,2979,644
42129802001,880,63
42129802002,3284,373
42129802101,2098,278
42129802102,2493,257
42129802103,1021,73
42129802200,1438,396
42129802301,2301,170
42129802303,1330,180
42129802304,2387,183
42129802400,1721,359
42129802500,1140,297
42129802600,1574,446
42129802700,947,224
42129802800,930,402
42129802900,2115,326
42129803000,2275,554
42129803100,1575,212
42129803200,1027,213
42129803301,2559,508
42129803302,1659,249
42129803400,1317,129
42129803501,1734,167
42129803502,1653,243
42129803600,736,206
42129803700,1807,288
42129803800,2376,437
42129803901,1535,274
42129803902,1331,400
42129804000,597,151
42129804100,1381,549
42129804200,1712,362
42129804300,993,173
42129804400,1027,248
42129804501,1806,289
42129804502,2533,555
42129804600,1420,454
42129804701,1286,249
42129804702,2055,384
42129804801,1063,323
42129804802,2587,533
42129804900,2338,477
42129805000,1543,347
42129805100,1049,349
42129805200,1000,220
42129805400,780,350
42129805500,1880,519
42129805600,814,175
42129805800,1255,280
42129805901,634,189
42129805902,2537,309
42129806000,1162,252
42129806100,1523,308
42129806200,1005,243
42129806300,834,169
42129806400,1064,230
42129806500,2134,328
42129806600,1276,315
42129806700,1333,318
42129806800,653,136
42129806900,1643,380
42129807000,1430,412
42129807100,1415,211
42129807200,3157,484
42129807300,2013,391
42129807401,929,203
42129807402,2695,521
42129807500,1024,166
42129807600,1235,387
42129807700,1467,275
42129807800,1732,408
42129807900,2650,518
42129808100,1867,499
42129808200,1103,273
42129808300,2066,532
42129808401,902,128
42129808402,2088,405
42129808500,787,199
42129808600,1822,485
42131400100,1138,233
42131400200,1611,205
42131400300,1730,345
42131400400,1680,205
42131400500,1672,292
42131400600,1440,349
42131400700,1530,324
42133000100,589,177
42133000200,1044,421
42133000300,860,368
42133000400,842,137
42133000500,1096,344
42133000600,1073,446
42133000700,1122,494
42133000800,839,209
42133000900,872,199
42133001000,630,165
42133001100,1164,408
42133001200,1328,445
42133001300,1194,361
42133001400,1801,422
42133001500,1226,366
42133001600,830,468
42133010110,2763,649
42133010120,1862,294
42133010130,1293,179
42133010210,1289,222
42133010220,2218,367
42133010300,659,89
42133010400,1573,284
42133010510,1254,67
42133010520,928,103
42133020100,1318,254
42133020220,1801,175
42133020221,1813,192
42133020222,1744,130
42133020310,983,112
42133020320,2922,705
42133020410,2114,417
42133020420,3349,550
42133020510,1508,242
42133020521,2316,381
42133020522,1592,372
42133020600,2842,661
42133020710,2537,425
42133020720,3915,786
42133020800,3021,681
42133020910,2437,493
42133020921,2878,367
42133020922,1722,337
42133021010,1751,222
42133021020,2754,504
42133021100,1920,373
42133021210,3315,636
42133021220,2499,176
42133021300,1821,386
42133021410,2185,674
42133021420,2776,474
42133021500,1733,514
42133021600,1230,263
42133021711,1129,147
42133021712,2300,360
42133021720,1774,324
42133021801,1902,382
42133021802,1606,114
42133021900,2819,621
42133022000,1348,293
42133022100,1413,476
42133022200,2108,516
42133022300,1696,475
42133022401,1304,139
42133022402,2883,470
42133022500,1495,422
42133022600,3235,351
42133022700,2857,419
42133022800,3173,527
42133022910,3956,461
42133022920,1662,257
42133023000,2061,509
42133023100,2356,602
42133023200,2412,396
42133023301,2278,395
42133023302,2363,257
42133023400,2442,502
42133023500,2131,342
42133023601,1477,238
42133023602,1932,346
42133023710,1560,351
42133023721,2079,530
42133023722,1141,258
42133023810,1711,274
42133023821,2127,322
42133023822,2780,435
42133023901,2801,364
42133023902,1042,138
42133024001,1835,445
42133024002,1334,263